{
  "center_wavelength": 1.55, 
  "pol_refl": [
    15704086.7193501, 
    1274526.4572538116, 
    -92758.5614653659, 
    -4422.890694537663, 
    185.8734735346135, 
    2.5559951097107083, 
    -0.1775146098654794, 
    0.006214371424307933
  ], 
  "pol_trans": [
    6689915.549687475, 
    -372855.96160659794, 
    -23043.0450558122, 
    1146.7950670478056, 
    12.072854052924722, 
    -1.742813734991992, 
    0.030665418830572118, 
    0.6940491403434963
  ]
}