{
  "center_wavelength": 1.55,
  "through_response": [
    12000000.0000000,
    -600000.0000000,
    -32000.0000000,
    1600.0000000,
    18.0000000,
    -2.5000000,
    0.0450000,
    0.9000000
  ],
  "drop_response": [
    2500000.0000000,
    800000.0000000,
    -18000.0000000,
    -2800.0000000,
    8.0000000,
    3.5000000,
    -0.0200000,
    -1.2000000
  ],
  "reflection_in1": [
    12450000.0000000,
    980000.0000000,
    -75000.0000000,
    -3500.0000000,
    150.0000000,
    2.0000000,
    -0.1500000,
    0.0050000
  ],
  "reflection_out1": [
    10000000.0000000,
    500000.0000000,
    -60000.0000000,
    -2000.0000000,
    100.0000000,
    1.5000000,
    -0.1000000,
    0.0030000
  ],
  "reflection_in2": [
    12450000.0000000,
    980000.0000000,
    -75000.0000000,
    -3500.0000000,
    150.0000000,
    2.0000000,
    -0.1500000,
    0.0050000
  ],
  "reflection_out2": [
    10000000.0000000,
    500000.0000000,
    -60000.0000000,
    -2000.0000000,
    100.0000000,
    1.5000000,
    -0.1000000,
    0.0030000
  ]
}